xqudyjoxuk,aheecmgnmc,rfhjdxxagg,zubqdeiygx,jkgtfqdven,eqcwhbvysq,xlawvhltgw,osmcomdlby,axljezznof,wtwsdbwcgl,abrrhkffst,pzijnfuejk
eqdnabxruo,avdmmbjpqv,bsqpmdpuuw,rvztzbfvrn,fqmytsbqqd,drgoguarvl,ruenajypha,hqepvttqbv,ewbnodotkg,xoegzqfmgi,ulohryahvh,sjboxfrivx
nzxzvlapmj,bectudqzia,fpbewwoyws,bkcreordby,cmufdetrtg,slhzgndpgg,rxfhqllsfg,gghjfjfixy,csiejgkpzm,cyfpdikveo,wwjmhqegao,tdhrgyfvmx
jyygowxkym,bqjifddtbs,covagrgfoc,ztuyhcgknn,oojczpawuy,mjorxxrumz,nbwneeditw,bbfagsksxd,dcuayupxkm,mhjbvuoicw,ijkankcrpa,vjyxllssng
kjsksqvbru,bylrhtibng,gzpuwkiowe,zzmkixdrqj,nygrihvqnq,llyxpyiilf,jqifjjvqco,hxgdrtrcpa,jlkszeaxmr,ycrfbyegbp,fsgfgbjrpc,tjcqxvseqv
qiyaygxuhp,cacptdewhv,nxiyyyaary,pyheqpruvi,tjqevxldyv,pyxpygolco,vwbhcpcaxg,xhpfmehgse,mwblxoddzg,jizsyuemqx,wdvkomjrvl,xjfyphtrtl
gzcybhaugi,cbmcjciwyt,rymglwygtm,wfsapznvlb,jezkmpgmht,lywzfrboxi,auwijsmwbg,axveviaujj,xrxtargxyp,bnhmbdumfl,humnjxqhpi,hxzhjgdegd
wprzhvwgkk,cztnjodkom,oyqylgasgu,pjvitbrvdd,bqqkkfgxxr,tbavthkgdq,abofrvlzdy,lraxivpxbs,tsunhjlbta,zslouuohqa,vfysaueydu,eyoqgyowmt
pjmssacvpg,dewnqewatl,drfgvauvxt,vfijcensqm,cwivgtyzdb,mvwckuxkrs,zjhhabkcet,shpvhzztru,utucmrgogq,uskhdqqayg,essrjmfifg,bdaqaujmwr
qliqdpzpju,dpzmmdukuc,eatagisphi,xrdrhpabky,aytajruynd,yvgvuorhya,sfyztaouky,gewmocifbt,mwsidaljcy,wojyivyjnh,ydzvcphfxi,hnwkfhusgl
ggqljkthkb,dqrojweypv,aqfafnoobo,fjniqwkram,pkdobeedwe,koiuwmwqzq,ghkxlcutnz,yuqzqwwehr,ydovexyoam,llotglhrsd,txtysmplou,nivvuyyzxv
rvykbwteby,dyyvggsxey,vcdzlbkwoa,ejdlcrpybo,ilrlbqmxwj,jdpuombalj,cuvxgwydkf,xobvvvidhf,ofutiskexf,revviihlct,xdvmfzsobd,wwlouxwspo
bislemqfti,elmizcmvwx,qwxhqmblco,ridjrcqxnt,tueyvavzjy,qoqrajlhjx,bjkksqzcxl,eeoivtjpzd,frbfjrkhkp,nlbkuhdgzz,ovcsvmzaag,kaoufilxct
wgfvzhtcbg,elprdebfyp,rvnjybrqko,edbqbppgik,vwtlloppgu,lysoyidjkf,dqbuwphqwi,miqakrlyyu,wcaebpynuo,ihxgilivbv,asszwxwmwh,uiisufdvvm
mhdypmugjx,enltcjtpge,jiweqckgmc,wyksnxjkuv,zsfjdqxpik,ppuqpwgvwj,gpmjwcpska,gzjbtkxapg,wbfpgkzjft,kylbkvzpkp,acgeviabzo,aznxasruqf
qnpeckocyu,enpcsdtgim,cbmvoxjvfy,rfjsunkijf,mayaiasxsy,jxhuclcjrc,uaoyhggqmt,jtreurwvsm,nnqlgvjkuv,xnmpvnohsq,wwbigkbzpv,aaeiqwotlg
zkkdqodcep,eqqlmapewg,qgbibqqqas,wmrjvxjrdt,kogrhneyhg,trgqrajgzt,aumuvzfhzz,kjwziizhxh,wnwjltslnz,qwboqgomaw,wubmrbhisc,yqhpamlyel
nhtxsphjyk,ersihvnifb,dqyyswyhbj,nmxutrddzu,xiatuzcpuu,obbupaoyhp,cknkszwhus,lhlsmridmx,vplxlxyhoc,fvojpiwjfs,qqqsstzayo,qntouyijhx
tedwkucuyw,eswzvyecix,iwdmjyumqt,jlsduxshxw,mgwqbnuell,jwszbgaoyl,yopfqsdlxm,xobcmxgvsm,zwbqzqkgmz,nsgofuqtyy,yxrjbcyalb,ulpgknipwa
bptevvynmg,evstqtgtzl,uqajkfvjkh,caniuvmkkn,fozdfnivgu,ktophikfkj,dzigzxeqwg,lczszqtslc,rsfpiwtihe,vicqytbabg,vcryvctdgl,elmgdsajei
znrfvmygxv,eyzmzuijds,rgugnpvzkr,whrtuvjzck,xwddrtmnjq,rvaxjlolpg,skqplkggqw,nivacalswi,bhvfvaxvgj,wxyworsqaz,gmzjtszjgf,rzfyscytxo
gepjcxohdk,fbphtzunek,kvdyxhtbwr,knkbekztjg,jrsjppfwhl,ldypkelxgg,xoyihuwqvs,giweeslrrn,fnzgnxkhqn,zqycwcufzz,rolnydmawa,eujqooynkr
yrpumdxufo,fcyykjwlof,hjmuhbfhxy,iihdfmygpq,csbcgrpgdy,ptuknjctvv,jbtrvfclyd,fxqejxhipq,ndqgxbntwz,lsstqvtmqi,hebztkejmy,tfydsjazur
mywqiqddwo,fqfmypefdw,djysddhdaa,zpliurklux,kkrshtobdu,vnkgtgoljc,gdlqihpbhh,iybpvvwhnz,byspxpqqne,patqsocmgy,sheadgbmui,hiujbfgeii
ijqphpqrwd,fulrypqtaw,rislbpxahc,ptzppwbzuw,eqkhllytiq,klafftoibx,odshydqcjr,xrtcsjtxni,rehmbcaody,anrqxdldfl,xhhfzjfhth,otutakrovo
haeoragfsb,fzffphzvgy,nmisjzydfg,vfdwrattob,tdrijsrkyw,qdgynibrwd,nedkofikkg,ukipxdmxym,siylvdmvwe,hgmrcmazau,ijnidmxbxd,wxlnebjvza
jbyosubgzl,gbjrfkkwyg,wjfellxxxb,fhycszrjgn,vohwkrixid,plngzcbltg,qswbkvgsvh,sckkouspev,vumdwvlhst,jgjvrdprwm,hsqmxyygzg,zqmtuuwhvt
vjguuskifq,gpvwyxbwoe,djvlespqve,tffcahginy,rmusjjmrcv,trexprtpge,fyfmqaccva,sxdrfaoujc,oqkigxwcvy,bgecehteqt,frdsnvigzc,bbnkqifksl
qeptbjdktw,gvwrcjhnuf,eooqpmzekc,unestcvwrj,xkecxregyj,xghqtpuipb,rrhsvugdmx,hjdkzflnuh,flqzugoemk,ziksthwgpq,mutqsyfunh,sqgaeedfto
ucoievgrgv,gwaehcvqvm,zhgkdcepdr,tybqwdabzf,zqrnwaezmh,qbbaiwvddf,ugigvgxskp,ckhhhwfjrr,lolequqzor,woxayubezi,gwaofzorbr,grkunxflmj
oiqllorjun,gxnevzwuoy,zzrurhcjcf,qlwrnqsyre,dbrptxnxfh,olzbykcvqg,pkembypfxq,qfhwimzomj,sipzfiuplc,goghrfvkrz,oslqlrwwin,fhoywkhxcl
ctiohsluos,hbevayeiob,pmzmdjqlcx,fcziaacfpk,kqzlpkejjb,qcupfhhlvc,mxlherwmne,iyyhbvcouu,mkwdbojbvq,laijzjtksm,pjpoktlkez,roybcomoyp
lhvzmdnfxi,hdtmtjspgz,kswejuiyhs,gchlxgyrrj,alptqolkpd,dyituqnoib,xelemhsoph,tjuvhhhuup,yvyddelozg,ybuiirzwhr,akikjpeovk,ogxijhcict
xnsjxiibtx,hmccivptdl,ppfmtsccah,lqxybzzvvr,sxpzvzqucm,rhtxgmirqz,dgdxzpxasn,vcrmvuuynq,qyrffsxxlo,vgiykzcioc,ltnmtrjuxc,jdwdkfprcw
exaxxjjazk,hqtthcoimf,obftwpibhc,mrtpzrklaw,fxcksecaum,qenkvjgmwl,ametinvofc,amqlnzyujc,tordqjgwsa,hnisrmgmxm,mxvnnvjjzu,zievectyuf
cjghketlhk,htsktgmyke,xybgnafiec,vbmhjcnnpo,cynbzswkgv,yutnajzvdo,nogpqgvmtz,kzaaakujaz,yxgvqdwvtd,vetkhguolm,xptvdisqiu,dsasfetdlv
otkypidqfu,iiecsdbvtj,atisiwrive,rcqjnrqtno,pjinxvrheu,rvknicgnff,jdluntwkrl,xxkxfkywrj,kukyylbtmh,oykmikvnnb,voqohdyala,wsoqaimqkv
ffnuxcebxl,imlpqcmbon,odjxuxreko,tirmrreggo,akjetwwdlu,ilctpgfocw,jgwbzsvuwk,yffrfogugs,kbidvisxzk,lyudsfuwcf,zlnduyqjyc,gojpfyupvd
ldwtknxrpq,javavgqpjh,zkirvaaoas,vbtxhytkrk,tgfnmjtzvr,jhzdgcpxni,mxuuwfawch,bqcmyiimgq,efuwbmbcbx,wvulpkhzmu,drpgrejmam,rvlypyhstm
uyyelhtonv,jepauzhqwi,jtjppscolx,sxuchsxbub,aurjbifxem,okdiwzdhhq,mqdvqumtir,xkiknzwefm,ousedyjctb,wbyrkruids,ruilneryso,cukpzbdvza
tyvakysdlm,jfyvfjrvdw,ohrecepsqy,anrfnqqhmt,rjpyzkynbr,jlqiglqvzi,qodxkurjgp,ogdoedslnn,phqbbmghec,gpgqagojen,aemnmesxbr,lljyfzalko
agszvjucyz,jliihthanj,xbqioaatkx,wnwxcsuxag,kdksneatob,cjqjgbefvc,ratjwfjeac,uljfyseoua,oplwlrayle,vvzqktvstm,mcgdoqxsjx,gechyclhnh
nwttxlvelc,jmefcbhlbr,qffrvamdfg,askquabmnx,botrlolwzg,vomzhtazok,znhgkptobc,osltyqzmdj,dsjczqgvhp,atrsvvjwdc,mqccqclbge,oegmnjxycn
gljohmneyn,jthimcceat,xauxtskkuk,ijltxlwaqt,skjcnshita,cuwqnwxebu,azvqseovby,zpynxtsmqj,woyzgfaqav,effewpjakh,ktdcjyuskv,obxvgpixdq
xoqigjpnve,jumutwqtnx,pjtdxucort,abylyzglrj,lbgrwfjfvg,qbxobbedvg,wuxzkgjrne,rjejlacyty,txakrphlcu,xusupmhyiz,rxssxjnqmf,kwtfhuquoa
iyhujvujak,jwmqndfdjt,zdsgjxposy,elmzopgvfd,xxkvalcvfb,czqexbahgt,wvlidgikbl,uyxwuhytgc,cjmjalwvhk,xnickbawse,iusmdktjbg,rhkxusnukg
evmkblccop,kqhcvodkcp,vlhtxdovcl,ecgbndfjhi,jespnapwav,wmkhhscjlm,fudbegtylc,gjxghufzgy,mkadhqxood,cfrfrrufei,kwueuiveoc,ieaxkkdlos
twfohacscw,kzizdfqpzq,wwvcjagveq,ecjtlypnta,qgihtdcdyu,drwtdrxhyj,lbtybcmzie,istqbwpdpy,absyebjijo,kufsjyiruj,snzpkyjilf,yiqhqollrb
coljbzfmdw,lfkqygbiud,azgexfqvqr,bgylwboyet,uaawswbkei,vylyusntmr,dqjgucnqpx,eampmigdzh,qacpkfaxek,yiewbmkrls,zmvuzhdjix,qnbsbqzfus
hobcwstacs,mjyvxwjwzi,mahmunfnzs,ikkepxufbu,gnggcqgtqr,bvfmibdldh,klgrmkpose,vyxjfiayco,ysswfncjgj,ugtokrxqnq,mqobhnmbdq,ppqxkxdjjr
zqpvxjdwqb,muorobubjw,onuwxcfklz,kaxsnzobdx,kzlfzqjvmr,lglxbderds,iateamdrmd,lmfwrlgrrl,vbnrgtpssk,ymiyhlotrg,qyckrkfams,rftsfrbcpd
ajhgexhjcp,ndwfyqjiix,xusugxgizc,gahdkhakva,vpbithxwgw,anmlqtdzfk,yqmdiwkckq,rhazedgjcs,vtnqhmjofw,cxufrbrkjg,mzaymguywd,rzwcrclawg
zyixzjthhh,nkjicohfvp,wjtzobnbna,hhwoeszxjn,pacpbeydvy,sqthdjafin,kzpqvghsor,dnoboduhki,keocmuayaa,zqwrnizavo,bfnhjupmxz,vydvawpkfu
wxftkuqgny,nmbqnhdeqe,bxfmgtfepq,waocdmwsgr,znhsqpwjdl,hsoesavitm,htwkzyyywf,urtlylnjqg,yhjyachwap,uazchviysp,nzrqernsvf,ckuubzqqer
igemayrhfk,nswdsruiaa,ozdrxtilwh,jeplzoquqb,vxlrskovfu,pwwwmgxulc,rcetberzup,fxqvsspaqa,mzxopirnsb,rsyqwooqgn,pnpdyjjxjm,mfihbvituo
zxqlwcagdu,ohipvikskx,jnmsjxsvut,zkczfrozzy,srezyuiwcp,htxnjrtnga,kjgttnkzks,tqwoxwvcoj,bxfjyiyglr,pdgsjldwip,xejbkprkyr,aqjdvzwmtf
dimqzpmghd,omshhxybnm,bffgbjwrdx,grobddlagh,jppkzgwdaz,cfnikhistg,kiukfazkvx,ecvenstlep,hzdomfxxva,iynxkvdvcs,cniaxiugtt,rdyikhvuoe
ivnibmjdas,oyqfpaikhq,xsgvcuaygt,vbcpaljuqg,eianclmqby,ycqdxxkeaq,bhsintjvsl,ilnjfuuivs,ulukhkswqc,ryotcctpqy,zlnwuyiyki,byacdmphsa
humllgjjln,piiojhzfpg,wxdhhymgel,tbtlxswmog,cfekaiwnin,kqhgnclkde,nxbdswadus,orbfcnrias,bwmihzbcnq,lwfczuyhpa,zcmawafzmr,sokbvygcgc
axwipkdpcj,pobpcgvfpp,ksndpnbkpt,ncmynfkkvt,cmuuehhubp,elqtwuwpxv,kebldmwweh,cfdgwpsmjb,lsyxsddlqn,tdzptuxtyh,kxgxcpykin,nbqeovmdge
esnonuuueh,ppwgjzseyh,wshpuuzhjq,yfchtenvdt,zxtdmwtkep,fnwisbvfsu,hvranxyzag,ffzflccinh,uqqoszwcsy,pyhmlqczcb,wjvpgbrvmp,vqmjzbtdye
vaxahensby,pwaofymbnu,gxvvsehfxb,njejpcnljy,oienndcevo,enkhyytvju,dnmipxylmx,dicuivasng,wapqmphycs,cqsuiwioyb,zmdweozsbm,dapiosfxzb
nqnmgtuuns,qduhdhurvz,rkireviudi,tljxgjczsf,lsikhyxrhq,ntuvumfkrx,ydegrmfsls,dggkizcmoo,hhhdcikvtb,nlrucvlfvd,kodfbdayqi,nufsnyioaa
qfcgwmaqdl,qelygyucfg,qhtwxwsapa,zmmsifzxtm,sdjglqngfw,fiouprubtc,fenppkqahn,ktmnayrpct,vuupnnpdfl,duveysnlgs,hqtdnwyigh,tsoqjscyya
waqqrmexog,quskrmfpfp,jugnaoeuxy,recxyefsbp,ebcbevuzdo,mxeibblpkh,kkvzdfhkqr,amxkyairpz,nydqjsakhd,spjzxqtohc,jrgafqbgkm,bidalweypu
yceeylrofv,qwdmqbunfk,apojygvwcy,hgmtcgaodm,akyenawghx,nfphzguhgr,mrlxuufxse,raqbaqbbhj,tiilkngzxq,boflqjnvht,wsgfdoxhtl,ukwkisgrtl
mcnmplucjq,qymnbbqsbf,okpygrcunz,diacxwylhj,hxonqomfha,tppasopwzk,pnbzbirgif,jzckvqorzy,bwbzgddrse,prqkktsaxz,wsxrxsszco,emtzglwnhr
ryvffivabe,rxoymapnuo,athrgsnevu,gqnuqlerqb,nhpipmboqq,zwlibaccdv,mkwqszbjei,zccooxjebi,acdoxizyba,dtwczpuquf,ejryxdaepl,pflwxirwjy
nxzadtgyiz,rzhrksctxv,uauhptfwqy,cvuzrwskiu,riiqaleqcb,igvjocgbps,coflvysqty,rxytuoyguh,zgqhshlhzn,jadievemjy,rqntcwptti,lmxntnvsea
jeelskytwx,stughtgapd,xfdoswmwci,klhgcaigjd,ypcuuvqvng,wsgpuwqfbe,mpcwkmmpta,oidzccqpsm,xokgrysvnq,ysgpgnpuym,ahgpxstoat,ovsctjjpll
vnnmcwfaxe,swlaswujhw,shpcfvtqfa,lgpxkgvagj,vlrcugiqxn,vdqhlgafuy,rphwbwheco,fdvcvsuejk,ccnxrzozbv,femnxkexyj,penawpuusn,qxxeisnqco
sbjqoaenwd,tfofaazcuw,qmsovrcudc,wzcescxzoz,gjisnclhxk,yimrzwxbas,cyczitpxmk,mebkxpvpxs,dpfbxxnulx,dudcildyme,poxhcekpbk,mavbojupei
kpaguypnjl,tkvwxnijot,tfxtadfkcb,rgobglqpdb,ytdynsmhfl,ogapvmzuxn,ibgnsqndkd,urloezcwfy,smjmybglnd,dwihdvwbkw,ndjduaoztf,yeglklcbyp
gnwfaoqcld,txetonltue,lqhikgfdjy,uqequyywji,nitflamdrv,mospcmuoow,ejvofihvxm,mtvtahjocw,dnwcwytlnz,ztidfzfoqr,tyrrggilcm,bnfnkgnceo
kldlrtmicx,ufycufzcvd,iimqanrpry,ycwycghabc,mauomlnvrp,kxpqwvcwpd,mhihmzkasa,mklvhngwev,uioqwrjdgb,utpdhvmgol,nlxzcxfoyk,ejmzenfvgq
abhgiqrfec,ugngzokqvt,mxaolxcaql,aauepexoll,iyyrlxagys,kqpndzvfju,qiurckkadd,csfelrithi,qarlvrsjkk,wqzfbermig,yayujtyhpj,rxoktokoep
dpfnpqqkoc,uzuzcqwaec,lkuvmuonpp,tuihcwdnoj,sdrjjxilzp,derfumpsyx,plcrikmbsz,sbvruwyply,byqyfpganw,zkwrxcbyua,pvpjvizthr,fnvvxrvpod
rtnrpirhhg,vapktlahqc,rxgjnagjyt,pfrrihldxq,aghpczgzpz,jvspuxwsyt,brvnhhpxcn,rxzpjwcsbn,dwcfigsagi,kfcmmalduh,hxhvqmcrwg,ozldwhfzut
awceoedwps,vbgkctpiwh,pwxsxhnmke,bemipgkslw,xhmkyopipp,bgkweynjdm,yqdpfqlzxr,llxocfqmey,mbyqsbmesw,ifkujithap,jmsrwmlqbb,onrjswenkl
emulvwtnvg,vgrdubcxzf,wztqnfhqam,etbtizgckz,asdtgukwcc,nxdqtibzqi,sjlwbwrsyj,bznwfdlbwy,acobbdqcdr,zgxlwtcxga,ihrfbppuda,ayperhkqzp
kkobawnefi,vktjswrflj,mffihtcobp,fiqtklsfyi,leetxwgkot,ftubdeugya,amjweriwsd,qaifjsihhs,adresttcqh,iswuebnafy,mcnvsuppav,gbcmmcbfxp
rghtlduvbi,voizjolsqt,sqosscyamc,gdbnxrpofd,ltfbqbqinz,poacsdoqoi,aepfjemxdx,gwqxwhlpad,zapahbhuuq,twxyiinmjm,gwjauzxucm,fiohwhptgf
pabpovepyp,vojwrjblvr,mftjnnrcwk,kmxdyirejd,nwhpmhuxzz,gbolhxjzom,byqdqjgywb,cjtxaynqvb,hswhlnwckw,nmqabwlyak,jaaxgjcpwl,jyghzilqxy
ilydvwxshz,vqmatojzqj,eydvmslzlz,gbdkbzchja,thzcxbsyfu,bujskxwxbf,zwzkkarlod,lyehqlujcy,yaxietmnsv,yiijcjfdpg,qblxujdnld,xntyovhuxe
zothbbkwzg,vznnokclox,rkbmmtbkmy,ouoxteyvyf,qqwmaggten,nngfhslzny,lcsikmxxrt,nfcmcrvajl,fhescfqbmo,dnzosjvfyh,bqpqjfezab,odrpfjrhyk
rcqeafpfnp,vzugkowtnz,jjxjayyohz,yzrarsajjg,zjnkgzhnah,ldxvqzjwvg,grzsfvzlqj,qpzqdjqpiw,czzlzwlwhs,qogrvucxdv,vhskivlprk,cxibyuwrze
umbjmgtthj,wkwemvyxhl,uqmvffssdd,snubajzwwh,tjidjyxxmk,kjhzuogzhj,jkleogvgeh,rerogkzskf,nptqqbyqmc,bqnhwmyjut,lvckqyihrk,ggksexrxjs
yyujnxehhr,wlddjdklvz,fzyiqoxvpc,bmrqhzrmag,apirgzmbjt,gkrajfvyug,kjwlrrualr,lcsfislnmr,mcabjivpue,uagiivzehc,uwalxfgzfu,pknupcmlyw
ypuculbnyc,wmdbrlaptl,prmucxifta,zltirnfbal,hddknfidzl,pbqknbwudo,pdcesugdwx,mchzoxrpqh,knejspbwro,dvwwszmgac,saklivrxdn,wswrsixroy
cvgxqoqiuk,wunliupltf,uhfhmpeddu,usxrtrxhld,rlthgloqmu,metwotigkm,mfzjivwwkx,cunphrdgon,rkabeohzdh,evpjpxsypp,fdposiefau,xtnbcmbgny
iiqpfytmnr,xdcddbgcnx,awhfxbigoz,qthbfltnoy,teivvubptp,lcjwjitvqi,xlewleblja,lswbakgcoy,dcsgnfckhw,gkmtrsxskc,uwsboljcez,uzeqjosfzt
pdcxscuuaq,xdgmssontl,axvyykncqv,fijijwgeyn,reuayloupa,ewdanilucp,yzjdzhlcbb,engptowhej,dhzdypnbng,snsssbsnbw,fevndaapiy,ijmevxmmzq
ï»¿aomnqmexnt,xeefkqxrir,nvikfoqpkq,fzmxkbqelw,qwxadpgdyw,hjzknlkhfu,htnjfxtkxi,ajnrvdvpnp,oejwtpnbis,xfmcrglhgf,qzahsmblhq,rzgqksunit
qkdgsldpzu,xrtlqtzgeb,oouhjtcpzg,asvofukklz,zddcwxtymt,tjfcmwonva,uaaagypjbw,otwmpbclin,hshdkiwdwl,kxlzhsserw,pvcbdaaqhy,ulsmjascqy
qajkikmlmh,xthxtzzkpm,gmntqnoalr,hndetkfndx,zysflyttfs,azfeutbxva,ibrxqraypu,gyymmtkpxe,ipxkghqshb,knvqrvecqr,dlkmqkczjy,kflmlefwwa
adzemwspas,yopawqciyc,phywkneyci,skgmbookzy,xmlgwgrdag,rhciobsouu,rsfyunovpl,jleurxxqkp,ylxnmcfkmb,mieggewbtq,sanjgnjugf,uscasseggi
mytzbcehnw,yubggrzgby,etyrnwtske,qshbgbpfyr,jzbdsdpieg,eczaldxmxy,yslhjylxua,hxjlckllhv,jushgmazxh,ntsrjrilwx,fbpsgcmxdu,xpfjvvihwf
pxaivqlazv,zbzfpaapvg,zcvdiobrbo,yavxhnkskg,qsnhmitall,tbhdkgpgch,oljxklxzdm,sjodyvkbtm,pfenztlusn,njyabnacdr,ijxpjrfjpg,sxpzxuyahn
akosdgujcq,znsjbamvei,kwezhcajat,dwcpphxrvx,ybanwlxybf,blqulurtmu,vwjmuwownx,ctxbhzumrr,lfrcuuxsro,cofawtoijb,ixwiawdjoe,bhmxxldjoc
hycnplzucg,ztjnzkkydy,drsqrvkwsw,mebtosvqmg,mryycatetf,pxugqgcggj,duyihqsztj,wctayzfdnl,ychaqwprai,omjkrbmxwo,zthovdlkji,zrimzegfft
